participant_id,occasion,score_field,database_column,source,original_value,output_value
EXP01,PRE,route_efficiency_pct_planning,PLANNING_PERC_PRE,historical_original,88.41,88.41
EXP01,POST,route_efficiency_pct_planning,PLANNING_PERC_POST,historical_original,81.33,81.33
EXP01,PRE,route_efficiency_pct_wmplanning,PWM_PERC_PRE,historical_original,100,100
EXP01,POST,route_efficiency_pct_wmplanning,PWM_PERC_POST,historical_original,75,75
EXP02,PRE,route_efficiency_pct_planning,PLANNING_PERC_PRE,recalculated_raw,70.11,100.0
EXP02,POST,route_efficiency_pct_planning,PLANNING_PERC_POST,historical_original,100,100
EXP02,PRE,route_efficiency_pct_wmplanning,PWM_PERC_PRE,recalculated_raw,69.23,94.444444
EXP02,POST,route_efficiency_pct_wmplanning,PWM_PERC_POST,historical_original,93.33,93.33
EXP04,PRE,route_efficiency_pct_planning,PLANNING_PERC_PRE,recalculated_raw,93.85,100.0
EXP04,POST,route_efficiency_pct_planning,PLANNING_PERC_POST,historical_original,100,100
EXP04,PRE,route_efficiency_pct_wmplanning,PWM_PERC_PRE,recalculated_raw,80,100.0
EXP04,POST,route_efficiency_pct_wmplanning,PWM_PERC_POST,historical_original,100,100
EXP06,PRE,route_efficiency_pct_planning,PLANNING_PERC_PRE,recalculated_raw,93.85,94.722222
EXP06,POST,route_efficiency_pct_planning,PLANNING_PERC_POST,historical_original,96.83,96.83
EXP06,PRE,route_efficiency_pct_wmplanning,PWM_PERC_PRE,recalculated_raw,95.74,96.363636
EXP06,POST,route_efficiency_pct_wmplanning,PWM_PERC_POST,historical_original,93.33,93.33
EXP07,PRE,route_efficiency_pct_planning,PLANNING_PERC_PRE,recalculated_raw,88.41,90.681818
EXP07,POST,route_efficiency_pct_planning,PLANNING_PERC_POST,historical_original,93.85,93.85
EXP07,PRE,route_efficiency_pct_wmplanning,PWM_PERC_PRE,recalculated_raw,79.66,82.417582
EXP07,POST,route_efficiency_pct_wmplanning,PWM_PERC_POST,historical_original,75,75
EXP08,PRE,route_efficiency_pct_planning,PLANNING_PERC_PRE,recalculated_raw,100,100.0
EXP08,POST,route_efficiency_pct_planning,PLANNING_PERC_POST,historical_original,100,100
EXP08,PRE,route_efficiency_pct_wmplanning,PWM_PERC_PRE,recalculated_raw,81.82,100.0
EXP08,POST,route_efficiency_pct_wmplanning,PWM_PERC_POST,historical_original,100,100
EXP09,PRE,route_efficiency_pct_planning,PLANNING_PERC_PRE,historical_original,83.56,83.56
EXP09,POST,route_efficiency_pct_planning,PLANNING_PERC_POST,historical_original,88.41,88.41
EXP09,PRE,route_efficiency_pct_wmplanning,PWM_PERC_PRE,historical_original,100,100
EXP09,POST,route_efficiency_pct_wmplanning,PWM_PERC_POST,historical_original,100,100
EXP10,PRE,route_efficiency_pct_planning,PLANNING_PERC_PRE,recalculated_raw,93.85,100.0
EXP10,POST,route_efficiency_pct_planning,PLANNING_PERC_POST,historical_original,100,100
EXP10,PRE,route_efficiency_pct_wmplanning,PWM_PERC_PRE,recalculated_raw,92.86,57.936508
EXP10,POST,route_efficiency_pct_wmplanning,PWM_PERC_POST,historical_original,56.25,56.25
EXP11,PRE,route_efficiency_pct_planning,PLANNING_PERC_PRE,historical_original,100,100
EXP11,POST,route_efficiency_pct_planning,PLANNING_PERC_POST,historical_original,100,100
EXP11,PRE,route_efficiency_pct_wmplanning,PWM_PERC_PRE,historical_original,100,100
EXP11,POST,route_efficiency_pct_wmplanning,PWM_PERC_POST,historical_original,100,100
EXP12,PRE,route_efficiency_pct_planning,PLANNING_PERC_PRE,recalculated_raw,78.48,81.704545
EXP12,POST,route_efficiency_pct_planning,PLANNING_PERC_POST,historical_original,79.22,79.22
EXP12,PRE,route_efficiency_pct_wmplanning,PWM_PERC_PRE,recalculated_raw,80,100.0
EXP12,POST,route_efficiency_pct_wmplanning,PWM_PERC_POST,historical_original,100,100
EXP13,PRE,route_efficiency_pct_planning,PLANNING_PERC_PRE,historical_original,91.04,91.04
EXP13,POST,route_efficiency_pct_planning,PLANNING_PERC_POST,historical_original,93.85,93.85
EXP13,PRE,route_efficiency_pct_wmplanning,PWM_PERC_PRE,historical_original,82.61,82.61
EXP13,POST,route_efficiency_pct_wmplanning,PWM_PERC_POST,historical_original,100,100
EXP14,PRE,route_efficiency_pct_planning,PLANNING_PERC_PRE,historical_original,91.04,91.04
EXP14,POST,route_efficiency_pct_planning,PLANNING_PERC_POST,historical_original,65.59,65.59
EXP14,PRE,route_efficiency_pct_wmplanning,PWM_PERC_PRE,historical_original,100,100
EXP14,POST,route_efficiency_pct_wmplanning,PWM_PERC_POST,historical_original,86.36,86.36
EXP15,PRE,route_efficiency_pct_planning,PLANNING_PERC_PRE,recalculated_raw,93.85,95.833333
EXP15,POST,route_efficiency_pct_planning,PLANNING_PERC_POST,historical_original,83.56,83.56
EXP15,PRE,route_efficiency_pct_wmplanning,PWM_PERC_PRE,recalculated_raw,80,80.0
EXP15,POST,route_efficiency_pct_wmplanning,PWM_PERC_POST,historical_original,100,100
EXP16,PRE,route_efficiency_pct_planning,PLANNING_PERC_PRE,recalculated_raw,70.11,72.223471
EXP16,POST,route_efficiency_pct_planning,PLANNING_PERC_POST,historical_original,67.03,67.03
EXP16,PRE,route_efficiency_pct_wmplanning,PWM_PERC_PRE,recalculated_raw,95,95.833333
EXP16,POST,route_efficiency_pct_wmplanning,PWM_PERC_POST,historical_original,64.29,64.29
GC03,PRE,route_efficiency_pct_planning,PLANNING_PERC_PRE,recalculated_raw,78.48,75.064935
GC03,POST,route_efficiency_pct_planning,PLANNING_PERC_POST,recalculated_raw,96.83,97.727273
GC03,PRE,route_efficiency_pct_wmplanning,PWM_PERC_PRE,recalculated_raw,80,80.0
GC03,POST,route_efficiency_pct_wmplanning,PWM_PERC_POST,recalculated_raw,912.5,100.0
GC04,PRE,route_efficiency_pct_planning,PLANNING_PERC_PRE,recalculated_raw,83.56,84.027778
GC04,POST,route_efficiency_pct_planning,PLANNING_PERC_POST,recalculated_raw,93.85,95.416667
GC04,PRE,route_efficiency_pct_wmplanning,PWM_PERC_PRE,recalculated_raw,75,75.714286
GC04,POST,route_efficiency_pct_wmplanning,PWM_PERC_POST,recalculated_raw,93.55,93.939394
GC05,PRE,route_efficiency_pct_planning,PLANNING_PERC_PRE,recalculated_raw,57.89,92.102273
GC05,POST,route_efficiency_pct_planning,PLANNING_PERC_POST,recalculated_raw,91.04,93.75
GC05,PRE,route_efficiency_pct_wmplanning,PWM_PERC_PRE,recalculated_raw,90.48,91.666666
GC05,POST,route_efficiency_pct_wmplanning,PWM_PERC_POST,recalculated_raw,100,100.0
GC06,PRE,route_efficiency_pct_planning,PLANNING_PERC_PRE,recalculated_raw,67.74,67.407117
GC06,POST,route_efficiency_pct_planning,PLANNING_PERC_POST,recalculated_raw,70.11,75.499084
GC06,PRE,route_efficiency_pct_wmplanning,PWM_PERC_PRE,recalculated_raw,81.82,81.818182
GC06,POST,route_efficiency_pct_wmplanning,PWM_PERC_POST,recalculated_raw,92.16,93.030303
GC07,PRE,route_efficiency_pct_planning,PLANNING_PERC_PRE,recalculated_raw,96.83,97.5
GC07,POST,route_efficiency_pct_planning,PLANNING_PERC_POST,recalculated_raw,113.21,92.857143
GC07,PRE,route_efficiency_pct_wmplanning,PWM_PERC_PRE,recalculated_raw,100,100.0
GC07,POST,route_efficiency_pct_wmplanning,PWM_PERC_POST,recalculated_raw,105.56,55.555556
GC08,PRE,route_efficiency_pct_planning,PLANNING_PERC_PRE,recalculated_raw,75.31,77.8364
GC08,POST,route_efficiency_pct_planning,PLANNING_PERC_POST,recalculated_raw,96.83,97.5
GC08,PRE,route_efficiency_pct_wmplanning,PWM_PERC_PRE,recalculated_raw,77.27,78.333334
GC08,POST,route_efficiency_pct_wmplanning,PWM_PERC_POST,recalculated_raw,94.74,95.0
GC09,PRE,route_efficiency_pct_planning,PLANNING_PERC_PRE,recalculated_raw,79.22,85.320513
GC09,POST,route_efficiency_pct_planning,PLANNING_PERC_POST,recalculated_raw,112.96,100.0
GC09,PRE,route_efficiency_pct_wmplanning,PWM_PERC_PRE,recalculated_raw,81.82,81.666666
GC09,POST,route_efficiency_pct_wmplanning,PWM_PERC_POST,recalculated_raw,82.35,84.920635
GC10,PRE,route_efficiency_pct_planning,PLANNING_PERC_PRE,recalculated_raw,94.03,96.363636
GC10,POST,route_efficiency_pct_planning,PLANNING_PERC_POST,recalculated_raw,"94,03",92.5
GC10,PRE,route_efficiency_pct_wmplanning,PWM_PERC_PRE,recalculated_raw,100,100.0
GC10,POST,route_efficiency_pct_wmplanning,PWM_PERC_POST,recalculated_raw,100,100.0
GC11,PRE,route_efficiency_pct_planning,PLANNING_PERC_PRE,recalculated_raw,81.82,89.814815
GC11,POST,route_efficiency_pct_planning,PLANNING_PERC_POST,recalculated_raw,93.85,95.833333
GC11,PRE,route_efficiency_pct_wmplanning,PWM_PERC_PRE,recalculated_raw,100,100.0
GC11,POST,route_efficiency_pct_wmplanning,PWM_PERC_POST,recalculated_raw,94.44,95.0
SPR1,PRE,route_efficiency_pct_planning,PLANNING_PERC_PRE,recalculated_raw,75,77.829254
SPR1,POST,route_efficiency_pct_planning,PLANNING_PERC_POST,recalculated_raw,58.1,68.992674
SPR1,PRE,route_efficiency_pct_wmplanning,PWM_PERC_PRE,historical_original,81.82,81.82
SPR1,POST,route_efficiency_pct_wmplanning,PWM_PERC_POST,recalculated_raw,75,81.25
SPR2,PRE,route_efficiency_pct_planning,PLANNING_PERC_PRE,recalculated_raw,79.22,81.534091
SPR2,POST,route_efficiency_pct_planning,PLANNING_PERC_POST,recalculated_raw,96.83,97.5
SPR2,PRE,route_efficiency_pct_wmplanning,PWM_PERC_PRE,recalculated_raw,95,95.0
SPR2,POST,route_efficiency_pct_wmplanning,PWM_PERC_POST,recalculated_raw,90,91.666666
SPR3,PRE,route_efficiency_pct_planning,PLANNING_PERC_PRE,historical_original,,
SPR3,POST,route_efficiency_pct_planning,PLANNING_PERC_POST,recalculated_raw,88.41,90.625
SPR3,PRE,route_efficiency_pct_wmplanning,PWM_PERC_PRE,historical_original,,
SPR3,POST,route_efficiency_pct_wmplanning,PWM_PERC_POST,recalculated_raw,75,75.714286
SPR4,PRE,route_efficiency_pct_planning,PLANNING_PERC_PRE,recalculated_raw,75.31,75.806624
SPR4,POST,route_efficiency_pct_planning,PLANNING_PERC_POST,recalculated_raw,96.83,97.5
SPR4,PRE,route_efficiency_pct_wmplanning,PWM_PERC_PRE,recalculated_raw,88.68,89.030303
SPR4,POST,route_efficiency_pct_wmplanning,PWM_PERC_POST,recalculated_raw,69.57,71.43206
SPR5,PRE,route_efficiency_pct_planning,PLANNING_PERC_PRE,recalculated_raw,96.83,97.916667
SPR5,POST,route_efficiency_pct_planning,PLANNING_PERC_POST,recalculated_raw,96.83,86.079545
SPR5,PRE,route_efficiency_pct_wmplanning,PWM_PERC_PRE,recalculated_raw,7,90.833333
SPR5,POST,route_efficiency_pct_wmplanning,PWM_PERC_POST,historical_original,90,90
SPR6,PRE,route_efficiency_pct_planning,PLANNING_PERC_PRE,recalculated_raw,96.83,97.5
SPR6,POST,route_efficiency_pct_planning,PLANNING_PERC_POST,recalculated_raw,96.83,97.916667
SPR6,PRE,route_efficiency_pct_wmplanning,PWM_PERC_PRE,recalculated_raw,90,90.833333
SPR6,POST,route_efficiency_pct_wmplanning,PWM_PERC_POST,historical_original,69.23,69.23
SPR7,PRE,route_efficiency_pct_planning,PLANNING_PERC_PRE,recalculated_raw,8,100.0
SPR7,POST,route_efficiency_pct_planning,PLANNING_PERC_POST,recalculated_raw,100,87.455357
SPR7,PRE,route_efficiency_pct_wmplanning,PWM_PERC_PRE,recalculated_raw,6,100.0
SPR7,POST,route_efficiency_pct_wmplanning,PWM_PERC_POST,recalculated_raw,100,96.666667
SPR8,PRE,route_efficiency_pct_planning,PLANNING_PERC_PRE,recalculated_raw,71.76,74.589161
SPR8,POST,route_efficiency_pct_planning,PLANNING_PERC_POST,recalculated_raw,83.56,87.092352
SPR8,PRE,route_efficiency_pct_wmplanning,PWM_PERC_PRE,recalculated_raw,73.08,78.333333
SPR8,POST,route_efficiency_pct_wmplanning,PWM_PERC_POST,recalculated_raw,78.26,80.119047
SPR11,PRE,route_efficiency_pct_planning,PLANNING_PERC_PRE,recalculated_raw,91.04,93.560606
SPR11,POST,route_efficiency_pct_planning,PLANNING_PERC_POST,recalculated_raw,91.04,92.222222
SPR11,PRE,route_efficiency_pct_wmplanning,PWM_PERC_PRE,recalculated_raw,90,91.666666
SPR11,POST,route_efficiency_pct_wmplanning,PWM_PERC_POST,recalculated_raw,87.5,88.888889
SPR12,PRE,route_efficiency_pct_planning,PLANNING_PERC_PRE,recalculated_raw,93.85,95.833333
SPR12,POST,route_efficiency_pct_planning,PLANNING_PERC_POST,recalculated_raw,96.83,97.916667
SPR12,PRE,route_efficiency_pct_wmplanning,PWM_PERC_PRE,recalculated_raw,81.82,85.714286
SPR12,POST,route_efficiency_pct_wmplanning,PWM_PERC_POST,recalculated_raw,86.67,87.777778
SPR13,PRE,route_efficiency_pct_planning,PLANNING_PERC_PRE,recalculated_raw,79.75,88.253968
SPR13,POST,route_efficiency_pct_planning,PLANNING_PERC_POST,recalculated_raw,100,100.0
SPR13,PRE,route_efficiency_pct_wmplanning,PWM_PERC_PRE,recalculated_raw,87.5,90.47619
SPR13,POST,route_efficiency_pct_wmplanning,PWM_PERC_POST,recalculated_raw,92,92.666667
SPR14,PRE,route_efficiency_pct_planning,PLANNING_PERC_PRE,recalculated_raw,96.77,96.875
SPR14,POST,route_efficiency_pct_planning,PLANNING_PERC_POST,recalculated_raw,100,100.0
SPR14,PRE,route_efficiency_pct_wmplanning,PWM_PERC_PRE,recalculated_raw,100,100.0
SPR14,POST,route_efficiency_pct_wmplanning,PWM_PERC_POST,recalculated_raw,69.23,71.25
SPR15,PRE,route_efficiency_pct_planning,PLANNING_PERC_PRE,recalculated_raw,91.04,92.708333
SPR15,POST,route_efficiency_pct_planning,PLANNING_PERC_POST,recalculated_raw,91.04,94.070513
SPR15,PRE,route_efficiency_pct_wmplanning,PWM_PERC_PRE,recalculated_raw,85.71,88.899196
SPR15,POST,route_efficiency_pct_wmplanning,PWM_PERC_POST,recalculated_raw,100,100.0
SPR16,PRE,route_efficiency_pct_planning,PLANNING_PERC_PRE,recalculated_raw,91.04,93.560606
SPR16,POST,route_efficiency_pct_planning,PLANNING_PERC_POST,recalculated_raw,96.83,97.5
SPR16,PRE,route_efficiency_pct_wmplanning,PWM_PERC_PRE,recalculated_raw,100,100.0
SPR16,POST,route_efficiency_pct_wmplanning,PWM_PERC_POST,recalculated_raw,92.86,93.333333
SPR17,PRE,route_efficiency_pct_planning,PLANNING_PERC_PRE,recalculated_raw,69.23,72.142857
SPR17,POST,route_efficiency_pct_planning,PLANNING_PERC_POST,recalculated_raw,79.22,83.75
SPR17,PRE,route_efficiency_pct_wmplanning,PWM_PERC_PRE,recalculated_raw,71.21,77.725955
SPR17,POST,route_efficiency_pct_wmplanning,PWM_PERC_POST,recalculated_raw,76.47,76.666667
SPR18,PRE,route_efficiency_pct_planning,PLANNING_PERC_PRE,recalculated_raw,87.23,83.75
SPR18,POST,route_efficiency_pct_planning,PLANNING_PERC_POST,recalculated_raw,96.83,97.5
SPR18,PRE,route_efficiency_pct_wmplanning,PWM_PERC_PRE,historical_original,75,75
SPR18,POST,route_efficiency_pct_wmplanning,PWM_PERC_POST,recalculated_raw,100,100.0
SPR19,PRE,route_efficiency_pct_planning,PLANNING_PERC_PRE,recalculated_raw,85.92,86.319445
SPR19,POST,route_efficiency_pct_planning,PLANNING_PERC_POST,recalculated_raw,88.41,92.142857
SPR19,PRE,route_efficiency_pct_wmplanning,PWM_PERC_PRE,recalculated_raw,100,100.0
SPR19,POST,route_efficiency_pct_wmplanning,PWM_PERC_POST,recalculated_raw,89.66,92.857143
SPR20,PRE,route_efficiency_pct_planning,PLANNING_PERC_PRE,recalculated_raw,81.33,86.190476
SPR20,POST,route_efficiency_pct_planning,PLANNING_PERC_POST,recalculated_raw,96.83,97.5
SPR20,PRE,route_efficiency_pct_wmplanning,PWM_PERC_PRE,recalculated_raw,81.82,85.714286
SPR20,POST,route_efficiency_pct_wmplanning,PWM_PERC_POST,recalculated_raw,75,75.0
SPR21,PRE,route_efficiency_pct_planning,PLANNING_PERC_PRE,recalculated_raw,73.49,73.830614
SPR21,POST,route_efficiency_pct_planning,PLANNING_PERC_POST,recalculated_raw,75.31,77.556818
SPR21,PRE,route_efficiency_pct_wmplanning,PWM_PERC_PRE,recalculated_raw,90,90.833333
SPR21,POST,route_efficiency_pct_wmplanning,PWM_PERC_POST,recalculated_raw,66.67,66.666667
SPR22,PRE,route_efficiency_pct_planning,PLANNING_PERC_PRE,recalculated_raw,88.41,92.142857
SPR22,POST,route_efficiency_pct_planning,PLANNING_PERC_POST,recalculated_raw,100,100.0
SPR22,PRE,route_efficiency_pct_wmplanning,PWM_PERC_PRE,recalculated_raw,80,80.0
SPR22,POST,route_efficiency_pct_wmplanning,PWM_PERC_POST,recalculated_raw,100,100.0
SPR23,PRE,route_efficiency_pct_planning,PLANNING_PERC_PRE,recalculated_raw,71.76,74.239268
SPR23,POST,route_efficiency_pct_planning,PLANNING_PERC_POST,recalculated_raw,37.28,40.088045
SPR23,PRE,route_efficiency_pct_wmplanning,PWM_PERC_PRE,recalculated_raw,75,75.0
SPR23,POST,route_efficiency_pct_wmplanning,PWM_PERC_POST,recalculated_raw,75,75.357143
SPR25,PRE,route_efficiency_pct_planning,PLANNING_PERC_PRE,recalculated_raw,91.04,93.653846
SPR25,POST,route_efficiency_pct_planning,PLANNING_PERC_POST,recalculated_raw,83.56,86.199495
SPR25,PRE,route_efficiency_pct_wmplanning,PWM_PERC_PRE,recalculated_raw,77.78,81.944444
SPR25,POST,route_efficiency_pct_wmplanning,PWM_PERC_POST,recalculated_raw,72.22,72.698413
PPR01,PRE,route_efficiency_pct_planning,PLANNING_PERC_PRE,recalculated_raw,85.92,91.25
PPR01,POST,route_efficiency_pct_planning,PLANNING_PERC_POST,recalculated_raw,83.56,89.642857
PPR01,PRE,route_efficiency_pct_wmplanning,PWM_PERC_PRE,recalculated_raw,80,80.0
PPR01,POST,route_efficiency_pct_wmplanning,PWM_PERC_POST,recalculated_raw,66.67,66.666667
PPR02,PRE,route_efficiency_pct_planning,PLANNING_PERC_PRE,recalculated_raw,70.11,76.824495
PPR02,POST,route_efficiency_pct_planning,PLANNING_PERC_POST,recalculated_raw,83.56,85.897436
PPR02,PRE,route_efficiency_pct_wmplanning,PWM_PERC_PRE,recalculated_raw,91.67,93.333333
PPR02,POST,route_efficiency_pct_wmplanning,PWM_PERC_POST,recalculated_raw,86.05,87.121212
PPR03,PRE,route_efficiency_pct_planning,PLANNING_PERC_PRE,recalculated_raw,88.41,91.666667
PPR03,POST,route_efficiency_pct_planning,PLANNING_PERC_POST,recalculated_raw,93.85,94.375
PPR03,PRE,route_efficiency_pct_wmplanning,PWM_PERC_PRE,recalculated_raw,72.22,74.166667
PPR03,POST,route_efficiency_pct_wmplanning,PWM_PERC_POST,recalculated_raw,100,100.0
PPR04,PRE,route_efficiency_pct_planning,PLANNING_PERC_PRE,recalculated_raw,79.22,82.121212
PPR04,POST,route_efficiency_pct_planning,PLANNING_PERC_POST,recalculated_raw,100,100.0
PPR04,PRE,route_efficiency_pct_wmplanning,PWM_PERC_PRE,recalculated_raw,81.82,81.666666
PPR04,POST,route_efficiency_pct_wmplanning,PWM_PERC_POST,recalculated_raw,88.24,89.030303
PPR05,PRE,route_efficiency_pct_planning,PLANNING_PERC_PRE,recalculated_raw,85.92,88.792735
PPR05,POST,route_efficiency_pct_planning,PLANNING_PERC_POST,recalculated_raw,93.85,94.722222
PPR05,PRE,route_efficiency_pct_wmplanning,PWM_PERC_PRE,recalculated_raw,90,90.0
PPR05,POST,route_efficiency_pct_wmplanning,PWM_PERC_POST,recalculated_raw,76.47,75.714286
PPR06,PRE,route_efficiency_pct_planning,PLANNING_PERC_PRE,recalculated_raw,,82.393925
PPR06,POST,route_efficiency_pct_planning,PLANNING_PERC_POST,recalculated_raw,91.18,90.972222
PPR06,PRE,route_efficiency_pct_wmplanning,PWM_PERC_PRE,recalculated_raw,,100.0
PPR06,POST,route_efficiency_pct_wmplanning,PWM_PERC_POST,recalculated_raw,72.88,76.363636
PPR07,PRE,route_efficiency_pct_planning,PLANNING_PERC_PRE,recalculated_raw,65.22,67.643294
PPR07,POST,route_efficiency_pct_planning,PLANNING_PERC_POST,recalculated_raw,91.04,93.560606
PPR07,PRE,route_efficiency_pct_wmplanning,PWM_PERC_PRE,recalculated_raw,92.16,94.285714
PPR07,POST,route_efficiency_pct_wmplanning,PWM_PERC_POST,historical_original,95,95
PPR08,PRE,route_efficiency_pct_planning,PLANNING_PERC_PRE,recalculated_raw,,92.5
PPR08,POST,route_efficiency_pct_planning,PLANNING_PERC_POST,recalculated_raw,100,100.0
PPR08,PRE,route_efficiency_pct_wmplanning,PWM_PERC_PRE,recalculated_raw,,100.0
PPR08,POST,route_efficiency_pct_wmplanning,PWM_PERC_POST,recalculated_raw,100,100.0
PPR09,PRE,route_efficiency_pct_planning,PLANNING_PERC_PRE,recalculated_raw,68.54,70.816545
PPR09,POST,route_efficiency_pct_planning,PLANNING_PERC_POST,recalculated_raw,96.67,97.5
PPR09,PRE,route_efficiency_pct_wmplanning,PWM_PERC_PRE,recalculated_raw,80,80.0
PPR09,POST,route_efficiency_pct_wmplanning,PWM_PERC_POST,recalculated_raw,86.67,87.777778
PPR10,PRE,route_efficiency_pct_planning,PLANNING_PERC_PRE,recalculated_raw,96.83,96.875
PPR10,POST,route_efficiency_pct_planning,PLANNING_PERC_POST,recalculated_raw,100,100.0
PPR10,PRE,route_efficiency_pct_wmplanning,PWM_PERC_PRE,recalculated_raw,69.23,71.25
PPR10,POST,route_efficiency_pct_wmplanning,PWM_PERC_POST,recalculated_raw,93.33,94.444444
PPR11,PRE,route_efficiency_pct_planning,PLANNING_PERC_PRE,recalculated_raw,79.22,81.768925
PPR11,POST,route_efficiency_pct_planning,PLANNING_PERC_POST,recalculated_raw,88.41,91.153846
PPR11,PRE,route_efficiency_pct_wmplanning,PWM_PERC_PRE,recalculated_raw,93.33,93.333333
PPR11,POST,route_efficiency_pct_wmplanning,PWM_PERC_POST,recalculated_raw,100,100.0
PPR12,PRE,route_efficiency_pct_planning,PLANNING_PERC_PRE,recalculated_raw,80.33,84.93266
PPR12,POST,route_efficiency_pct_planning,PLANNING_PERC_POST,recalculated_raw,68.89,75.580357
PPR12,PRE,route_efficiency_pct_wmplanning,PWM_PERC_PRE,recalculated_raw,95,95.833333
PPR12,POST,route_efficiency_pct_wmplanning,PWM_PERC_POST,recalculated_raw,95,95.0
PPR13,PRE,route_efficiency_pct_planning,PLANNING_PERC_PRE,recalculated_raw,75.9,74.820021
PPR13,POST,route_efficiency_pct_planning,PLANNING_PERC_POST,recalculated_raw,57.8,55.881737
PPR13,PRE,route_efficiency_pct_wmplanning,PWM_PERC_PRE,historical_original,300,300
PPR13,POST,route_efficiency_pct_wmplanning,PWM_PERC_POST,recalculated_raw,100,100.0
PPR14,PRE,route_efficiency_pct_planning,PLANNING_PERC_PRE,recalculated_raw,88.41,91.517857
PPR14,POST,route_efficiency_pct_planning,PLANNING_PERC_POST,recalculated_raw,85.92,87.430556
PPR14,PRE,route_efficiency_pct_wmplanning,PWM_PERC_PRE,recalculated_raw,100,100.0
PPR14,POST,route_efficiency_pct_wmplanning,PWM_PERC_POST,recalculated_raw,70,73.214286
PPR15,PRE,route_efficiency_pct_planning,PLANNING_PERC_PRE,recalculated_raw,88.41,91.865079
PPR15,POST,route_efficiency_pct_planning,PLANNING_PERC_POST,recalculated_raw,75,79.038947
PPR15,PRE,route_efficiency_pct_wmplanning,PWM_PERC_PRE,recalculated_raw,90.48,90.833333
PPR15,POST,route_efficiency_pct_wmplanning,PWM_PERC_POST,historical_original,95,95
PPR16,PRE,route_efficiency_pct_planning,PLANNING_PERC_PRE,recalculated_raw,88.41,91.25
PPR16,POST,route_efficiency_pct_planning,PLANNING_PERC_POST,recalculated_raw,85.92,90.476191
PPR16,PRE,route_efficiency_pct_wmplanning,PWM_PERC_PRE,recalculated_raw,90,91.666666
PPR16,POST,route_efficiency_pct_wmplanning,PWM_PERC_POST,recalculated_raw,84.09,83.333333
PPR17,PRE,route_efficiency_pct_planning,PLANNING_PERC_PRE,recalculated_raw,,100.0
PPR17,POST,route_efficiency_pct_planning,PLANNING_PERC_POST,recalculated_raw,91.04,93.333333
PPR17,PRE,route_efficiency_pct_wmplanning,PWM_PERC_PRE,recalculated_raw,,100.0
PPR17,POST,route_efficiency_pct_wmplanning,PWM_PERC_POST,recalculated_raw,93.33,94.444444
PPR20,PRE,route_efficiency_pct_planning,PLANNING_PERC_PRE,recalculated_raw,52.14,60.742244
PPR20,POST,route_efficiency_pct_planning,PLANNING_PERC_POST,recalculated_raw,91.04,94.642857
PPR20,PRE,route_efficiency_pct_wmplanning,PWM_PERC_PRE,recalculated_raw,69.23,75.0
PPR20,POST,route_efficiency_pct_wmplanning,PWM_PERC_POST,recalculated_raw,100,100.0
PPR21,PRE,route_efficiency_pct_planning,PLANNING_PERC_PRE,recalculated_raw,85.92,87.403846
PPR21,POST,route_efficiency_pct_planning,PLANNING_PERC_POST,recalculated_raw,88.41,90.0
PPR21,PRE,route_efficiency_pct_wmplanning,PWM_PERC_PRE,recalculated_raw,80,80.0
PPR21,POST,route_efficiency_pct_wmplanning,PWM_PERC_POST,recalculated_raw,100,100.0
PPR22,PRE,route_efficiency_pct_planning,PLANNING_PERC_PRE,recalculated_raw,91.04,94.230769
PPR22,POST,route_efficiency_pct_planning,PLANNING_PERC_POST,recalculated_raw,93.85,94.602273
PPR22,PRE,route_efficiency_pct_wmplanning,PWM_PERC_PRE,recalculated_raw,82.61,85.714286
PPR22,POST,route_efficiency_pct_wmplanning,PWM_PERC_POST,recalculated_raw,90,91.666666
PPR23,PRE,route_efficiency_pct_planning,PLANNING_PERC_PRE,recalculated_raw,100,100.0
PPR23,POST,route_efficiency_pct_planning,PLANNING_PERC_POST,recalculated_raw,112.96,90.396825
PPR23,PRE,route_efficiency_pct_wmplanning,PWM_PERC_PRE,historical_original,91.67,91.67
PPR23,POST,route_efficiency_pct_wmplanning,PWM_PERC_POST,recalculated_raw,87.5,90.47619
PPR24,PRE,route_efficiency_pct_planning,PLANNING_PERC_PRE,recalculated_raw,73.49,85.625
PPR24,POST,route_efficiency_pct_planning,PLANNING_PERC_POST,recalculated_raw,93.85,96.153846
PPR24,PRE,route_efficiency_pct_wmplanning,PWM_PERC_PRE,recalculated_raw,90.48,90.833333
PPR24,POST,route_efficiency_pct_wmplanning,PWM_PERC_POST,recalculated_raw,100,100.0
PPR25,PRE,route_efficiency_pct_planning,PLANNING_PERC_PRE,recalculated_raw,81.33,84.348291
PPR25,POST,route_efficiency_pct_planning,PLANNING_PERC_POST,recalculated_raw,93.85,95.833333
PPR25,PRE,route_efficiency_pct_wmplanning,PWM_PERC_PRE,recalculated_raw,100,100.0
PPR25,POST,route_efficiency_pct_wmplanning,PWM_PERC_POST,historical_original,100,100
PPR26,PRE,route_efficiency_pct_planning,PLANNING_PERC_PRE,recalculated_raw,68.54,72.378663
PPR26,POST,route_efficiency_pct_planning,PLANNING_PERC_POST,recalculated_raw,88.41,89.930556
PPR26,PRE,route_efficiency_pct_wmplanning,PWM_PERC_PRE,recalculated_raw,100,100.0
PPR26,POST,route_efficiency_pct_wmplanning,PWM_PERC_POST,recalculated_raw,100,100.0
PPR27,PRE,route_efficiency_pct_planning,PLANNING_PERC_PRE,recalculated_raw,93.65,93.253968
PPR27,POST,route_efficiency_pct_planning,PLANNING_PERC_POST,recalculated_raw,88.73,92.380952
PPR27,PRE,route_efficiency_pct_wmplanning,PWM_PERC_PRE,recalculated_raw,80,80.0
PPR27,POST,route_efficiency_pct_wmplanning,PWM_PERC_POST,historical_original,100,100
PPR28,PRE,route_efficiency_pct_planning,PLANNING_PERC_PRE,recalculated_raw,83.56,88.214869
PPR28,POST,route_efficiency_pct_planning,PLANNING_PERC_POST,recalculated_raw,96.83,97.222222
PPR28,PRE,route_efficiency_pct_wmplanning,PWM_PERC_PRE,recalculated_raw,78.18,82.346154
PPR28,POST,route_efficiency_pct_wmplanning,PWM_PERC_POST,recalculated_raw,100,100.0
PPR29,PRE,route_efficiency_pct_planning,PLANNING_PERC_PRE,recalculated_raw,71.76,76.786963
PPR29,POST,route_efficiency_pct_planning,PLANNING_PERC_POST,recalculated_raw,86.67,96.969697
PPR29,PRE,route_efficiency_pct_wmplanning,PWM_PERC_PRE,recalculated_raw,100,100.0
PPR29,POST,route_efficiency_pct_wmplanning,PWM_PERC_POST,historical_original,90,90
AC04,PRE,route_efficiency_pct_planning,PLANNING_PERC_PRE,recalculated_raw,93.85,95.227273
AC04,POST,route_efficiency_pct_planning,PLANNING_PERC_POST,recalculated_raw,71.43,78.787879
AC04,PRE,route_efficiency_pct_wmplanning,PWM_PERC_PRE,recalculated_raw,100,100.0
AC04,POST,route_efficiency_pct_wmplanning,PWM_PERC_POST,recalculated_raw,76.47,76.666667
AC05,PRE,route_efficiency_pct_planning,PLANNING_PERC_PRE,recalculated_raw,79.22,83.296703
AC05,POST,route_efficiency_pct_planning,PLANNING_PERC_POST,recalculated_raw,79.22,84.001068
AC05,PRE,route_efficiency_pct_wmplanning,PWM_PERC_PRE,recalculated_raw,86.36,87.857143
AC05,POST,route_efficiency_pct_wmplanning,PWM_PERC_POST,recalculated_raw,92.16,92.363636
AC06,PRE,route_efficiency_pct_planning,PLANNING_PERC_PRE,recalculated_raw,93.85,95.227273
AC06,POST,route_efficiency_pct_planning,PLANNING_PERC_POST,recalculated_raw,73.49,82.5
AC06,PRE,route_efficiency_pct_wmplanning,PWM_PERC_PRE,historical_original,94.44,94.44
AC06,POST,route_efficiency_pct_wmplanning,PWM_PERC_POST,recalculated_raw,100,100.0
AC08,PRE,route_efficiency_pct_planning,PLANNING_PERC_PRE,recalculated_raw,81.33,88.00505
AC08,POST,route_efficiency_pct_planning,PLANNING_PERC_POST,recalculated_raw,81.33,84.661796
AC08,PRE,route_efficiency_pct_wmplanning,PWM_PERC_PRE,recalculated_raw,105.88,100.0
AC08,POST,route_efficiency_pct_wmplanning,PWM_PERC_POST,recalculated_raw,93.33,94.444444
AC09,PRE,route_efficiency_pct_planning,PLANNING_PERC_PRE,recalculated_raw,95.24,100.0
AC09,POST,route_efficiency_pct_planning,PLANNING_PERC_POST,recalculated_raw,93.85,95.0
AC09,PRE,route_efficiency_pct_wmplanning,PWM_PERC_PRE,historical_original,86.36,86.36
AC09,POST,route_efficiency_pct_wmplanning,PWM_PERC_POST,recalculated_raw,93.55,94.444444
AC10,PRE,route_efficiency_pct_planning,PLANNING_PERC_PRE,recalculated_raw,91.04,92.727273
AC10,POST,route_efficiency_pct_planning,PLANNING_PERC_POST,recalculated_raw,96.83,97.222222
AC10,PRE,route_efficiency_pct_wmplanning,PWM_PERC_PRE,recalculated_raw,100,100.0
AC10,POST,route_efficiency_pct_wmplanning,PWM_PERC_POST,recalculated_raw,100,100.0
AC11,PRE,route_efficiency_pct_planning,PLANNING_PERC_PRE,recalculated_raw,64.21,65.106838
AC11,POST,route_efficiency_pct_planning,PLANNING_PERC_POST,recalculated_raw,65.59,70.080614
AC11,PRE,route_efficiency_pct_wmplanning,PWM_PERC_PRE,recalculated_raw,75,79.910714
AC11,POST,route_efficiency_pct_wmplanning,PWM_PERC_POST,recalculated_raw,90,91.666666
AC12,PRE,route_efficiency_pct_planning,PLANNING_PERC_PRE,recalculated_raw,81.33,82.638889
AC12,POST,route_efficiency_pct_planning,PLANNING_PERC_POST,recalculated_raw,79.22,85.042735
AC12,PRE,route_efficiency_pct_wmplanning,PWM_PERC_PRE,recalculated_raw,81.25,83.809524
AC12,POST,route_efficiency_pct_wmplanning,PWM_PERC_POST,recalculated_raw,85.45,86.649351
AC13,PRE,route_efficiency_pct_planning,PLANNING_PERC_PRE,recalculated_raw,96.83,97.5
AC13,POST,route_efficiency_pct_planning,PLANNING_PERC_POST,recalculated_raw,88.41,90.803571
AC13,PRE,route_efficiency_pct_wmplanning,PWM_PERC_PRE,recalculated_raw,100,100.0
AC13,POST,route_efficiency_pct_wmplanning,PWM_PERC_POST,recalculated_raw,70.83,74.166667
AC14,PRE,route_efficiency_pct_planning,PLANNING_PERC_PRE,recalculated_raw,93.85,94.602273
AC14,POST,route_efficiency_pct_planning,PLANNING_PERC_POST,recalculated_raw,83.56,86.467352
AC14,PRE,route_efficiency_pct_wmplanning,PWM_PERC_PRE,recalculated_raw,100,100.0
AC14,POST,route_efficiency_pct_wmplanning,PWM_PERC_POST,recalculated_raw,92.16,92.666667
AC15,PRE,route_efficiency_pct_planning,PLANNING_PERC_PRE,recalculated_raw,85.92,88.327991
AC15,POST,route_efficiency_pct_planning,PLANNING_PERC_POST,recalculated_raw,91.04,93.303571
AC15,PRE,route_efficiency_pct_wmplanning,PWM_PERC_PRE,historical_original,81.25,81.25
AC15,POST,route_efficiency_pct_wmplanning,PWM_PERC_POST,recalculated_raw,94.74,95.0
AC16,PRE,route_efficiency_pct_planning,PLANNING_PERC_PRE,recalculated_raw,85.92,88.560606
AC16,POST,route_efficiency_pct_planning,PLANNING_PERC_POST,recalculated_raw,85.92,89.204545
AC16,PRE,route_efficiency_pct_wmplanning,PWM_PERC_PRE,historical_original,100,100
AC16,POST,route_efficiency_pct_wmplanning,PWM_PERC_POST,recalculated_raw,88.68,92.0
AC18,PRE,route_efficiency_pct_planning,PLANNING_PERC_PRE,recalculated_raw,91.04,93.055556
AC18,POST,route_efficiency_pct_planning,PLANNING_PERC_POST,recalculated_raw,100,100.0
AC18,PRE,route_efficiency_pct_wmplanning,PWM_PERC_PRE,historical_original,100,100
AC18,POST,route_efficiency_pct_wmplanning,PWM_PERC_POST,recalculated_raw,100,100.0
AC19,PRE,route_efficiency_pct_planning,PLANNING_PERC_PRE,recalculated_raw,88.41,89.829545
AC19,POST,route_efficiency_pct_planning,PLANNING_PERC_POST,recalculated_raw,79.22,81.400058
AC19,PRE,route_efficiency_pct_wmplanning,PWM_PERC_PRE,recalculated_raw,75,81.25
AC19,POST,route_efficiency_pct_wmplanning,PWM_PERC_POST,recalculated_raw,75,75.714286
AC20,PRE,route_efficiency_pct_planning,PLANNING_PERC_PRE,recalculated_raw,"85,92",88.740079
AC20,POST,route_efficiency_pct_planning,PLANNING_PERC_POST,recalculated_raw,91.04,92.329545
AC20,PRE,route_efficiency_pct_wmplanning,PWM_PERC_PRE,recalculated_raw,"94,74",95.0
AC20,POST,route_efficiency_pct_wmplanning,PWM_PERC_POST,recalculated_raw,86.36,87.857143
AC21,PRE,route_efficiency_pct_planning,PLANNING_PERC_PRE,recalculated_raw,100,100.0
AC21,POST,route_efficiency_pct_planning,PLANNING_PERC_POST,historical_original,63.64,63.64
AC21,PRE,route_efficiency_pct_wmplanning,PWM_PERC_PRE,recalculated_raw,"93,33",94.444444
AC21,POST,route_efficiency_pct_wmplanning,PWM_PERC_POST,recalculated_raw,69.23,69.230769
AC22,PRE,route_efficiency_pct_planning,PLANNING_PERC_PRE,recalculated_raw,96.83,96.875
AC22,POST,route_efficiency_pct_planning,PLANNING_PERC_POST,recalculated_raw,108.93,90.723562
AC22,PRE,route_efficiency_pct_wmplanning,PWM_PERC_PRE,recalculated_raw,88.24,89.030303
AC22,POST,route_efficiency_pct_wmplanning,PWM_PERC_POST,recalculated_raw,93.33,93.333333
AC23,PRE,route_efficiency_pct_planning,PLANNING_PERC_PRE,recalculated_raw,100,100.0
AC23,POST,route_efficiency_pct_planning,PLANNING_PERC_POST,recalculated_raw,85.92,90.833333
AC23,PRE,route_efficiency_pct_wmplanning,PWM_PERC_PRE,recalculated_raw,73.91,79.910714
AC23,POST,route_efficiency_pct_wmplanning,PWM_PERC_POST,recalculated_raw,95,95.0
AC24,PRE,route_efficiency_pct_planning,PLANNING_PERC_PRE,recalculated_raw,100,100.0
AC24,POST,route_efficiency_pct_planning,PLANNING_PERC_POST,recalculated_raw,83.56,88.392857
AC24,PRE,route_efficiency_pct_wmplanning,PWM_PERC_PRE,recalculated_raw,94.74,95.0
AC24,POST,route_efficiency_pct_wmplanning,PWM_PERC_POST,recalculated_raw,90,80.0
AC25,PRE,route_efficiency_pct_planning,PLANNING_PERC_PRE,recalculated_raw,93.85,94.949495
AC25,POST,route_efficiency_pct_planning,PLANNING_PERC_POST,recalculated_raw,100,100.0
AC25,PRE,route_efficiency_pct_wmplanning,PWM_PERC_PRE,recalculated_raw,100,100.0
AC25,POST,route_efficiency_pct_wmplanning,PWM_PERC_POST,recalculated_raw,100,100.0
AC26,PRE,route_efficiency_pct_planning,PLANNING_PERC_PRE,recalculated_raw,88.41,90.366162
AC26,POST,route_efficiency_pct_planning,PLANNING_PERC_POST,recalculated_raw,77.22,80.890152
AC26,PRE,route_efficiency_pct_wmplanning,PWM_PERC_PRE,recalculated_raw,82.35,83.809524
AC26,POST,route_efficiency_pct_wmplanning,PWM_PERC_POST,recalculated_raw,85.45,86.51282
AC27,PRE,route_efficiency_pct_planning,PLANNING_PERC_PRE,recalculated_raw,71.76,75.975379
AC27,POST,route_efficiency_pct_planning,PLANNING_PERC_POST,recalculated_raw,100,100.0
AC27,PRE,route_efficiency_pct_wmplanning,PWM_PERC_PRE,recalculated_raw,87.5,87.777778
AC27,POST,route_efficiency_pct_wmplanning,PWM_PERC_POST,recalculated_raw,85.71,85.833333
AC28,PRE,route_efficiency_pct_planning,PLANNING_PERC_PRE,recalculated_raw,100,100.0
AC28,POST,route_efficiency_pct_planning,PLANNING_PERC_POST,recalculated_raw,100,100.0
AC28,PRE,route_efficiency_pct_wmplanning,PWM_PERC_PRE,recalculated_raw,81.82,81.666666
AC28,POST,route_efficiency_pct_wmplanning,PWM_PERC_POST,recalculated_raw,76.81,77.649573
AC29,PRE,route_efficiency_pct_planning,PLANNING_PERC_PRE,recalculated_raw,96.83,97.222222
AC29,POST,route_efficiency_pct_planning,PLANNING_PERC_POST,recalculated_raw,88.41,91.287879
AC29,PRE,route_efficiency_pct_wmplanning,PWM_PERC_PRE,recalculated_raw,81.82,81.666666
AC29,POST,route_efficiency_pct_wmplanning,PWM_PERC_POST,recalculated_raw,81.82,85.714286
AC30,PRE,route_efficiency_pct_planning,PLANNING_PERC_PRE,recalculated_raw,,100.0
AC30,POST,route_efficiency_pct_planning,PLANNING_PERC_POST,recalculated_raw,71.76,84.759615
AC30,PRE,route_efficiency_pct_wmplanning,PWM_PERC_PRE,recalculated_raw,,92.857143
AC30,POST,route_efficiency_pct_wmplanning,PWM_PERC_POST,recalculated_raw,82.35,82.222222
AC31,PRE,route_efficiency_pct_planning,PLANNING_PERC_PRE,recalculated_raw,96.83,97.5
AC31,POST,route_efficiency_pct_planning,PLANNING_PERC_POST,recalculated_raw,100,100.0
AC31,PRE,route_efficiency_pct_wmplanning,PWM_PERC_PRE,recalculated_raw,100,100.0
AC31,POST,route_efficiency_pct_wmplanning,PWM_PERC_POST,recalculated_raw,85.71,87.857143
AC32,PRE,route_efficiency_pct_planning,PLANNING_PERC_PRE,recalculated_raw,122,89.835165
AC32,POST,route_efficiency_pct_planning,PLANNING_PERC_POST,recalculated_raw,100,100.0
AC32,PRE,route_efficiency_pct_wmplanning,PWM_PERC_PRE,recalculated_raw,100,100.0
AC32,POST,route_efficiency_pct_wmplanning,PWM_PERC_POST,recalculated_raw,81.25,83.809524
AC33,PRE,route_efficiency_pct_planning,PLANNING_PERC_PRE,recalculated_raw,79.22,82.136613
AC33,POST,route_efficiency_pct_planning,PLANNING_PERC_POST,recalculated_raw,91.04,91.597222
AC33,PRE,route_efficiency_pct_wmplanning,PWM_PERC_PRE,recalculated_raw,90.48,91.666667
AC33,POST,route_efficiency_pct_wmplanning,PWM_PERC_POST,recalculated_raw,100,100.0
AC34,PRE,route_efficiency_pct_planning,PLANNING_PERC_PRE,recalculated_raw,100,100.0
AC34,POST,route_efficiency_pct_planning,PLANNING_PERC_POST,recalculated_raw,85.92,88.862179
AC34,PRE,route_efficiency_pct_wmplanning,PWM_PERC_PRE,recalculated_raw,100,100.0
AC34,POST,route_efficiency_pct_wmplanning,PWM_PERC_POST,recalculated_raw,81.82,81.818182
