participant_id,occasion,span_wm,accuracy_wm,span_planning,accuracy_planning,span_wmplanning,accuracy_wmplanning,route_efficiency_pct_planning,route_efficiency_pct_wmplanning,wm_mean_total_time,wm_mean_planning_time,wm_mean_execution_time,planning_mean_total_time,planning_mean_planning_time,planning_mean_execution_time,wmplanning_mean_total_time,wmplanning_mean_planning_time,wmplanning_mean_execution_time
EXP01,PRE,,,,,,,,,,,,,,,,,
EXP01,POST,,,,,,,,,,,,,,,,,
EXP02,PRE,7,11,9,16,4,6,100.0,94.444444,5.666667,0.0,5.666667,8.875,3.0,5.875,10.333333,1.0,9.333333
EXP02,POST,,,,,,,,,,,,,,,,,
EXP04,PRE,3,4,9,16,4,6,100.0,100.0,4.5,0.0,4.5,18.625,3.0,15.625,21.666667,1.0,20.666667
EXP04,POST,,,,,,,,,,,,,,,,,
EXP06,PRE,3,4,9,16,6,9,94.722222,96.363636,8.0,0.0,8.0,30.0,3.0,27.0,29.0,1.0,28.0
EXP06,POST,,,,,,,,,,,,,,,,,
EXP07,PRE,2,1,9,16,6,9,90.681818,82.417582,7.0,0.0,7.0,26.75,3.0,23.75,23.8,1.0,22.8
EXP07,POST,,,,,,,,,,,,,,,,,
EXP08,PRE,3,4,9,16,4,5,100.0,100.0,6.0,0.0,6.0,20.5,3.0,17.5,25.666667,1.0,24.666667
EXP08,POST,,,,,,,,,,,,,,,,,
EXP09,PRE,,,,,,,,,,,,,,,,,
EXP09,POST,,,,,,,,,,,,,,,,,
EXP10,PRE,6,10,9,16,3,4,100.0,57.936508,6.6,0.0,6.6,9.625,3.0,6.625,24.0,1.0,23.0
EXP10,POST,,,,,,,,,,,,,,,,,
EXP11,PRE,,,,,,,,,,,,,,,,,
EXP11,POST,,,,,,,,,,,,,,,,,
EXP12,PRE,3,4,9,16,3,3,81.704545,100.0,10.0,0.0,10.0,29.875,3.0,26.875,24.5,1.0,23.5
EXP12,POST,,,,,,,,,,,,,,,,,
EXP13,PRE,,,,,,,,,,,,,,,,,
EXP13,POST,,,,,,,,,,,,,,,,,
EXP14,PRE,,,,,,,,,,,,,,,,,
EXP14,POST,,,,,,,,,,,,,,,,,
EXP15,PRE,0,0,9,16,2,2,95.833333,80.0,,,,32.5,3.0,29.5,44.0,1.0,43.0
EXP15,POST,,,,,,,,,,,,,,,,,
EXP16,PRE,0,0,9,16,5,7,72.223471,95.833333,,,,31.5,3.0,28.5,18.0,1.0,17.0
EXP16,POST,,,,,,,,,,,,,,,,,
GC03,PRE,2,1,9,14,2,2,75.064935,80.0,7.0,0.0,7.0,61.5,3.0,58.5,26.0,1.0,25.0
GC03,POST,2,2,9,16,9,15,97.727273,100.0,1.0,0.0,1.0,70.5,3.0,67.5,40.125,1.0,39.125
GC04,PRE,0,0,9,16,3,3,84.027778,75.714286,,,,43.625,3.0,40.625,48.0,1.0,47.0
GC04,POST,2,2,9,16,4,5,95.416667,93.939394,11.0,0.0,11.0,19.625,3.0,16.625,52.0,1.0,51.0
GC05,PRE,2,2,9,16,3,3,92.102273,91.666666,4.0,0.0,4.0,28.125,3.0,25.125,33.0,1.0,32.0
GC05,POST,5,8,9,16,5,7,93.75,100.0,6.25,0.0,6.25,18.5,3.0,15.5,18.0,1.0,17.0
GC06,PRE,2,2,8,14,2,1,67.407117,81.818182,16.0,0.0,16.0,43.571429,3.0,40.571429,31.0,1.0,30.0
GC06,POST,3,3,9,16,6,9,75.499084,93.030303,3.5,0.0,3.5,32.375,3.0,29.375,31.6,1.0,30.6
GC07,PRE,2,1,9,16,2,2,97.5,100.0,8.0,0.0,8.0,22.25,3.0,19.25,19.0,1.0,18.0
GC07,POST,0,0,9,15,3,3,92.857143,55.555556,,,,27.75,3.0,24.75,37.5,1.0,36.5
GC08,PRE,3,4,9,16,5,6,77.8364,78.333334,5.0,0.0,5.0,27.25,3.0,24.25,21.75,1.0,20.75
GC08,POST,3,3,9,16,5,7,97.5,95.0,6.5,0.0,6.5,21.375,3.0,18.375,22.0,1.0,21.0
GC09,PRE,2,2,9,16,3,4,85.320513,81.666666,9.0,0.0,9.0,34.125,3.0,31.125,30.0,1.0,29.0
GC09,POST,4,6,9,16,4,5,100.0,84.920635,7.0,0.0,7.0,22.25,3.0,19.25,28.666667,1.0,27.666667
GC10,PRE,0,0,8,10,5,8,96.363636,100.0,,,,36.571429,3.0,33.571429,29.75,1.0,28.75
GC10,POST,0,0,9,16,3,3,92.5,100.0,,,,30.625,3.0,27.625,40.0,1.0,39.0
GC11,PRE,2,1,8,10,4,6,89.814815,100.0,10.0,0.0,10.0,37.285714,3.0,34.285714,32.666667,1.0,31.666667
GC11,POST,2,2,9,16,5,7,95.833333,95.0,7.0,0.0,7.0,25.75,3.0,22.75,20.5,1.0,19.5
SPR1,PRE,4,5,9,15,0,0,77.829254,,6.0,0.0,6.0,25.875,3.0,22.875,,,
SPR1,POST,3,3,9,15,3,4,68.992674,81.25,8.0,0.0,8.0,38.125,3.0,35.125,30.5,1.0,29.5
SPR2,PRE,5,6,9,16,5,6,81.534091,95.0,5.75,0.0,5.75,19.875,3.0,16.875,16.5,1.0,15.5
SPR2,POST,3,4,9,16,3,4,97.5,91.666666,4.5,0.0,4.5,18.625,3.0,15.625,17.0,1.0,16.0
SPR3,PRE,,,,,,,,,,,,,,,,,
SPR3,POST,4,6,9,16,3,4,90.625,75.714286,6.666667,0.0,6.666667,18.375,3.0,15.375,21.5,1.0,20.5
SPR4,PRE,3,4,9,16,6,9,75.806624,89.030303,5.0,0.0,5.0,33.5,3.0,30.5,25.2,1.0,24.2
SPR4,POST,4,6,9,15,8,12,97.5,71.43206,8.666667,0.0,8.666667,16.75,3.0,13.75,30.428571,1.0,29.428571
SPR5,PRE,2,2,9,16,5,7,97.916667,90.833333,4.0,0.0,4.0,24.0,3.0,21.0,21.0,1.0,20.0
SPR5,POST,2,2,9,16,0,0,86.079545,,4.0,0.0,4.0,36.875,3.0,33.875,,,
SPR6,PRE,3,4,9,16,5,8,97.5,90.833333,4.0,0.0,4.0,20.75,3.0,17.75,21.5,1.0,20.5
SPR6,POST,5,7,9,16,0,0,97.916667,,8.75,0.0,8.75,27.0,3.0,24.0,,,
SPR7,PRE,3,4,9,16,5,8,100.0,100.0,8.0,0.0,8.0,17.375,3.0,14.375,23.0,1.0,22.0
SPR7,POST,3,4,9,16,6,9,87.455357,96.666667,9.5,0.0,9.5,20.75,3.0,17.75,28.4,1.0,27.4
SPR8,PRE,0,0,9,16,5,7,74.589161,78.333333,,,,37.0,3.0,34.0,47.75,1.0,46.75
SPR8,POST,3,2,9,16,5,7,87.092352,80.119047,5.5,0.0,5.5,39.375,3.0,36.375,39.0,1.0,38.0
SPR11,PRE,4,6,9,16,3,4,93.560606,91.666666,8.0,0.0,8.0,35.75,3.0,32.75,30.5,1.0,29.5
SPR11,POST,4,5,9,16,4,6,92.222222,88.888889,7.666667,0.0,7.666667,19.75,3.0,16.75,24.666667,1.0,23.666667
SPR12,PRE,2,2,9,16,3,4,95.833333,85.714286,7.0,0.0,7.0,24.0,3.0,21.0,22.0,1.0,21.0
SPR12,POST,0,0,9,16,4,5,97.916667,87.777778,,,,19.25,3.0,16.25,21.0,1.0,20.0
SPR13,PRE,2,1,8,14,4,6,88.253968,90.47619,13.0,0.0,13.0,60.857143,3.0,57.857143,52.333333,1.0,51.333333
SPR13,POST,2,2,9,16,6,8,100.0,92.666667,3.0,0.0,3.0,44.125,3.0,41.125,35.8,1.0,34.8
SPR14,PRE,3,2,9,15,6,7,96.875,100.0,5.0,0.0,5.0,22.75,3.0,19.75,28.2,1.0,27.2
SPR14,POST,3,2,8,8,3,3,100.0,71.25,7.5,0.0,7.5,28.857143,3.0,25.857143,29.0,1.0,28.0
SPR15,PRE,3,4,9,16,8,13,92.708333,88.899196,6.5,0.0,6.5,21.5,3.0,18.5,26.285714,1.0,25.285714
SPR15,POST,0,0,9,16,2,2,94.070513,100.0,,,,25.75,3.0,22.75,19.0,1.0,18.0
SPR16,PRE,2,1,9,16,6,8,93.560606,100.0,3.0,0.0,3.0,30.0,3.0,27.0,27.6,1.0,26.6
SPR16,POST,3,4,9,16,4,5,97.5,93.333333,4.5,0.0,4.5,19.875,3.0,16.875,22.666667,1.0,21.666667
SPR17,PRE,3,3,8,14,6,9,72.142857,77.725955,6.0,0.0,6.0,26.714286,3.0,23.714286,23.4,1.0,22.4
SPR17,POST,3,4,9,16,4,5,83.75,76.666667,5.5,0.0,5.5,15.875,3.0,12.875,19.666667,1.0,18.666667
SPR18,PRE,4,4,6,8,0,0,83.75,,7.666667,0.0,7.666667,22.4,3.0,19.4,,,
SPR18,POST,3,3,9,16,4,4,97.5,100.0,8.5,0.0,8.5,17.375,3.0,14.375,17.0,1.0,16.0
SPR19,PRE,3,3,9,16,5,6,86.319445,100.0,6.0,0.0,6.0,27.875,3.0,24.875,20.25,1.0,19.25
SPR19,POST,4,6,9,16,7,11,92.142857,92.857143,5.333333,0.0,5.333333,16.75,3.0,13.75,19.5,1.0,18.5
SPR20,PRE,3,3,9,16,3,4,86.190476,85.714286,4.0,0.0,4.0,32.0,3.0,29.0,44.5,1.0,43.5
SPR20,POST,4,6,9,16,3,4,97.5,75.0,9.333333,0.0,9.333333,24.0,3.0,21.0,33.5,1.0,32.5
SPR21,PRE,2,2,9,16,5,7,73.830614,90.833333,4.0,0.0,4.0,32.375,3.0,29.375,31.5,1.0,30.5
SPR21,POST,3,4,9,16,2,2,77.556818,66.666667,5.0,0.0,5.0,25.0,3.0,22.0,37.0,1.0,36.0
SPR22,PRE,4,5,9,16,2,2,92.142857,80.0,13.333333,0.0,13.333333,41.375,3.0,38.375,34.0,1.0,33.0
SPR22,POST,3,4,9,16,3,4,100.0,100.0,8.5,0.0,8.5,38.5,3.0,35.5,38.5,1.0,37.5
SPR23,PRE,3,4,9,16,3,4,74.239268,75.0,6.5,0.0,6.5,31.25,3.0,28.25,25.5,1.0,24.5
SPR23,POST,3,3,8,14,5,8,40.088045,75.357143,4.0,0.0,4.0,41.857143,3.0,38.857143,28.25,1.0,27.25
SPR25,PRE,5,7,9,16,4,5,93.653846,81.944444,8.5,0.0,8.5,23.5,3.0,20.5,42.666667,1.0,41.666667
SPR25,POST,4,6,9,16,4,5,86.199495,72.698413,6.0,0.0,6.0,24.125,3.0,21.125,30.333333,1.0,29.333333
PPR01,PRE,2,1,9,16,2,2,91.25,80.0,9.0,0.0,9.0,59.25,3.0,56.25,31.0,1.0,30.0
PPR01,POST,3,4,9,16,2,2,89.642857,66.666667,10.5,0.0,10.5,46.5,3.0,43.5,105.0,1.0,104.0
PPR02,PRE,2,1,9,16,6,8,76.824495,93.333333,5.0,0.0,5.0,43.0,3.0,40.0,34.8,1.0,33.8
PPR02,POST,2,1,9,16,5,6,85.897436,87.121212,3.0,0.0,3.0,29.5,3.0,26.5,25.5,1.0,24.5
PPR03,PRE,0,0,9,16,4,5,91.666667,74.166667,,,,48.375,3.0,45.375,47.666667,1.0,46.666667
PPR03,POST,6,8,9,16,2,1,94.375,100.0,9.8,0.0,9.8,52.125,3.0,49.125,18.0,1.0,17.0
PPR04,PRE,3,4,9,16,3,4,82.121212,81.666666,7.5,0.0,7.5,29.375,3.0,26.375,23.0,1.0,22.0
PPR04,POST,3,4,9,16,6,10,100.0,89.030303,4.0,0.0,4.0,13.5,3.0,10.5,23.2,1.0,22.2
PPR05,PRE,2,1,9,16,3,4,88.792735,90.0,6.0,0.0,6.0,28.875,3.0,25.875,33.5,1.0,32.5
PPR05,POST,3,3,9,16,3,4,94.722222,75.714286,6.0,0.0,6.0,14.0,3.0,11.0,20.5,1.0,19.5
PPR06,PRE,2,2,9,16,5,7,82.393925,100.0,4.0,0.0,4.0,45.625,3.0,42.625,29.0,1.0,28.0
PPR06,POST,2,2,9,15,6,9,90.972222,76.363636,5.0,0.0,5.0,28.875,3.0,25.875,40.8,1.0,39.8
PPR07,PRE,0,0,9,15,6,9,67.643294,94.285714,,,,64.0,3.0,61.0,42.6,1.0,41.6
PPR07,POST,0,0,9,15,0,0,93.560606,,,,,23.75,3.0,20.75,,,
PPR08,PRE,0,0,8,8,5,6,92.5,100.0,,,,23.714286,3.0,20.714286,23.25,1.0,22.25
PPR08,POST,2,2,9,16,4,6,100.0,100.0,4.0,0.0,4.0,27.75,3.0,24.75,23.0,1.0,22.0
PPR09,PRE,4,6,9,16,2,2,70.816545,80.0,11.0,0.0,11.0,44.5,3.0,41.5,25.0,1.0,24.0
PPR09,POST,3,4,9,15,4,5,97.5,87.777778,8.5,0.0,8.5,36.0,3.0,33.0,53.333333,1.0,52.333333
PPR10,PRE,0,0,9,16,3,4,96.875,71.25,,,,27.375,3.0,24.375,32.5,1.0,31.5
PPR10,POST,3,3,9,16,4,6,100.0,94.444444,5.5,0.0,5.5,20.25,3.0,17.25,26.333333,1.0,25.333333
PPR11,PRE,3,3,9,16,4,6,81.768925,93.333333,6.5,0.0,6.5,70.25,3.0,67.25,50.0,1.0,49.0
PPR11,POST,0,0,9,16,2,2,91.153846,100.0,,,,31.75,3.0,28.75,47.0,1.0,46.0
PPR12,PRE,0,0,8,8,5,7,84.93266,95.833333,,,,51.714286,3.0,48.714286,37.25,1.0,36.25
PPR12,POST,4,5,9,15,5,7,75.580357,95.0,9.0,0.0,9.0,41.875,3.0,38.875,33.0,1.0,32.0
PPR13,PRE,2,2,8,14,,,74.820021,,15.0,0.0,15.0,71.142857,3.0,68.142857,,,
PPR13,POST,2,2,8,14,2,2,55.881737,100.0,8.0,0.0,8.0,54.142857,3.0,51.142857,39.0,1.0,38.0
PPR14,PRE,2,2,9,16,4,5,91.517857,100.0,11.0,0.0,11.0,27.125,3.0,24.125,31.333333,1.0,30.333333
PPR14,POST,2,1,9,16,4,6,87.430556,73.214286,4.0,0.0,4.0,21.125,3.0,18.125,35.0,1.0,34.0
PPR15,PRE,3,2,9,16,5,7,91.865079,90.833333,9.0,0.0,9.0,36.75,3.0,33.75,42.0,1.0,41.0
PPR15,POST,4,5,9,15,0,0,79.038947,,3.0,0.0,3.0,30.25,3.0,27.25,,,
PPR16,PRE,0,0,9,16,3,4,91.25,91.666666,,,,30.875,3.0,27.875,39.0,1.0,38.0
PPR16,POST,2,2,9,16,5,5,90.476191,83.333333,3.0,0.0,3.0,24.375,3.0,21.375,36.75,1.0,35.75
PPR17,PRE,2,2,9,16,3,2,100.0,100.0,15.0,0.0,15.0,32.375,3.0,29.375,27.0,1.0,26.0
PPR17,POST,4,6,9,16,4,6,93.333333,94.444444,6.0,0.0,6.0,19.875,3.0,16.875,25.666667,1.0,24.666667
PPR20,PRE,4,5,9,16,3,3,60.742244,75.0,7.666667,0.0,7.666667,80.375,3.0,77.375,40.0,1.0,39.0
PPR20,POST,3,4,9,16,5,7,94.642857,100.0,3.0,0.0,3.0,19.125,3.0,16.125,22.75,1.0,21.75
PPR21,PRE,0,0,9,16,2,2,87.403846,80.0,,,,114.125,3.0,111.125,92.0,1.0,91.0
PPR21,POST,2,2,9,16,5,8,90.0,100.0,12.0,0.0,12.0,71.875,3.0,68.875,42.5,1.0,41.5
PPR22,PRE,3,4,9,16,3,3,94.230769,85.714286,7.0,0.0,7.0,25.25,3.0,22.25,45.0,1.0,44.0
PPR22,POST,3,3,9,16,3,4,94.602273,91.666666,10.5,0.0,10.5,15.625,3.0,12.625,19.5,1.0,18.5
PPR23,PRE,2,2,9,16,5,8,100.0,,6.0,0.0,6.0,19.875,3.0,16.875,22.5,1.0,21.5
PPR23,POST,2,2,9,16,4,6,90.396825,90.47619,4.0,0.0,4.0,20.0,3.0,17.0,24.0,1.0,23.0
PPR24,PRE,3,4,9,16,5,7,85.625,90.833333,22.0,0.0,22.0,45.75,3.0,42.75,50.5,1.0,49.5
PPR24,POST,3,4,9,16,4,6,96.153846,100.0,6.5,0.0,6.5,19.0,3.0,16.0,24.0,1.0,23.0
PPR25,PRE,0,0,9,16,4,6,84.348291,100.0,,,,55.875,3.0,52.875,43.333333,1.0,42.333333
PPR25,POST,3,4,9,16,2,2,95.833333,,6.0,0.0,6.0,28.625,3.0,25.625,16.0,1.0,15.0
PPR26,PRE,0,0,9,16,4,4,72.378663,100.0,,,,38.75,3.0,35.75,20.666667,1.0,19.666667
PPR26,POST,3,4,9,16,4,4,89.930556,100.0,4.5,0.0,4.5,13.625,3.0,10.625,13.0,1.0,12.0
PPR27,PRE,3,3,8,12,2,2,93.253968,80.0,4.5,0.0,4.5,41.571429,3.0,38.571429,58.0,1.0,57.0
PPR27,POST,2,2,8,14,0,0,92.380952,,3.0,0.0,3.0,17.428571,3.0,14.428571,,,
PPR28,PRE,2,2,9,16,6,9,88.214869,82.346154,6.0,0.0,6.0,50.75,3.0,47.75,27.6,1.0,26.6
PPR28,POST,3,4,9,16,2,2,97.222222,100.0,4.5,0.0,4.5,19.875,3.0,16.875,16.0,1.0,15.0
PPR29,PRE,3,3,9,16,4,5,76.786963,100.0,7.5,0.0,7.5,41.875,3.0,38.875,34.0,1.0,33.0
PPR29,POST,0,0,8,12,0,0,96.969697,,,,,36.0,3.0,33.0,,,
AC04,PRE,2,1,9,16,5,8,95.227273,100.0,7.0,0.0,7.0,48.75,3.0,45.75,26.0,1.0,25.0
AC04,POST,2,1,9,15,4,4,78.787879,76.666667,4.0,0.0,4.0,36.25,3.0,33.25,38.666667,1.0,37.666667
AC05,PRE,0,0,9,16,5,7,83.296703,87.857143,,,,52.375,3.0,49.375,60.75,1.0,59.75
AC05,POST,0,0,9,16,6,8,84.001068,92.363636,,,,47.875,3.0,44.875,34.2,1.0,33.2
AC06,PRE,0,0,9,16,0,0,95.227273,,,,,39.5,3.0,36.5,,,
AC06,POST,0,0,9,16,2,1,82.5,100.0,,,,38.875,3.0,35.875,22.0,1.0,21.0
AC08,PRE,3,3,9,16,5,8,88.00505,100.0,5.5,0.0,5.5,32.25,3.0,29.25,27.0,1.0,26.0
AC08,POST,3,3,9,16,4,5,84.661796,94.444444,6.0,0.0,6.0,23.25,3.0,20.25,22.666667,1.0,21.666667
AC09,PRE,2,1,6,6,0,0,100.0,,3.0,0.0,3.0,73.6,3.0,70.6,,,
AC09,POST,2,2,9,16,4,5,95.0,94.444444,10.0,0.0,10.0,51.0,3.0,48.0,59.333333,1.0,58.333333
AC10,PRE,3,3,9,16,4,6,92.727273,100.0,21.5,0.0,21.5,41.25,3.0,38.25,39.0,1.0,38.0
AC10,POST,3,3,9,16,2,1,97.222222,100.0,18.5,0.0,18.5,19.25,3.0,16.25,20.0,1.0,19.0
AC11,PRE,2,2,9,16,5,6,65.106838,79.910714,8.0,0.0,8.0,61.0,3.0,58.0,43.75,1.0,42.75
AC11,POST,3,4,9,16,3,4,70.080614,91.666666,8.5,0.0,8.5,43.625,3.0,40.625,34.5,1.0,33.5
AC12,PRE,0,0,9,16,4,5,82.638889,83.809524,,,,51.5,3.0,48.5,59.666667,1.0,58.666667
AC12,POST,3,4,9,16,6,9,85.042735,86.649351,13.0,0.0,13.0,45.875,3.0,42.875,44.8,1.0,43.8
AC13,PRE,2,2,9,16,2,2,97.5,100.0,11.0,0.0,11.0,23.125,3.0,20.125,22.0,1.0,21.0
AC13,POST,2,2,9,16,5,7,90.803571,74.166667,7.0,0.0,7.0,18.375,3.0,15.375,27.25,1.0,26.25
AC14,PRE,2,2,9,16,2,2,94.602273,100.0,8.0,0.0,8.0,22.75,3.0,19.75,18.0,1.0,17.0
AC14,POST,0,0,9,16,6,9,86.467352,92.666667,,,,23.25,3.0,20.25,27.4,1.0,26.4
AC15,PRE,6,10,9,14,0,0,88.327991,,6.2,0.0,6.2,22.75,3.0,19.75,,,
AC15,POST,0,0,9,16,5,7,93.303571,95.0,,,,18.25,3.0,15.25,17.75,1.0,16.75
AC16,PRE,2,1,9,16,0,0,88.560606,,5.0,0.0,5.0,26.625,3.0,23.625,,,
AC16,POST,2,2,9,16,6,9,89.204545,92.0,7.0,0.0,7.0,19.75,3.0,16.75,20.2,1.0,19.2
AC18,PRE,3,4,9,16,0,0,93.055556,,6.0,0.0,6.0,49.5,3.0,46.5,,,
AC18,POST,4,5,9,15,3,3,100.0,100.0,6.333333,0.0,6.333333,22.625,3.0,19.625,25.0,1.0,24.0
AC19,PRE,2,1,9,16,3,4,89.829545,81.25,3.0,0.0,3.0,38.5,3.0,35.5,26.0,1.0,25.0
AC19,POST,3,3,9,16,3,4,81.400058,75.714286,7.0,0.0,7.0,27.0,3.0,24.0,23.0,1.0,22.0
AC20,PRE,3,4,9,16,5,8,88.740079,95.0,8.0,0.0,8.0,14.875,3.0,11.875,18.0,1.0,17.0
AC20,POST,3,4,9,16,5,7,92.329545,87.857143,7.0,0.0,7.0,17.125,3.0,14.125,17.5,1.0,16.5
AC21,PRE,2,1,9,16,4,5,100.0,94.444444,1.0,0.0,1.0,20.125,3.0,17.125,18.666667,1.0,17.666667
AC21,POST,4,6,0,0,2,1,,69.230769,6.0,0.0,6.0,,,,24.0,1.0,23.0
AC22,PRE,3,2,9,16,6,7,96.875,89.030303,8.0,0.0,8.0,30.0,3.0,27.0,30.6,1.0,29.6
AC22,POST,3,3,9,16,4,6,90.723562,93.333333,7.5,0.0,7.5,24.25,3.0,21.25,32.333333,1.0,31.333333
AC23,PRE,4,4,9,15,5,7,100.0,79.910714,5.0,0.0,5.0,18.0,3.0,15.0,36.0,1.0,35.0
AC23,POST,3,3,9,16,5,6,90.833333,95.0,4.5,0.0,4.5,30.25,3.0,27.25,32.75,1.0,31.75
AC24,PRE,3,4,9,16,5,8,100.0,95.0,11.5,0.0,11.5,37.875,3.0,34.875,39.0,1.0,38.0
AC24,POST,3,4,9,16,2,2,88.392857,80.0,7.5,0.0,7.5,23.75,3.0,20.75,24.0,1.0,23.0
AC25,PRE,3,2,9,16,3,4,94.949495,100.0,7.0,0.0,7.0,22.375,3.0,19.375,25.5,1.0,24.5
AC25,POST,3,4,9,16,5,7,100.0,100.0,4.5,0.0,4.5,16.625,3.0,13.625,17.5,1.0,16.5
AC26,PRE,3,2,9,16,4,6,90.366162,83.809524,5.5,0.0,5.5,42.875,3.0,39.875,24.0,1.0,23.0
AC26,POST,0,0,9,16,6,9,80.890152,86.51282,,,,31.125,3.0,28.125,26.0,1.0,25.0
AC27,PRE,2,2,9,16,4,6,75.975379,87.777778,3.0,0.0,3.0,23.0,3.0,20.0,22.333333,1.0,21.333333
AC27,POST,4,6,9,16,5,7,100.0,85.833333,5.0,0.0,5.0,15.875,3.0,12.875,18.75,1.0,17.75
AC28,PRE,3,4,9,16,3,4,100.0,81.666666,3.5,0.0,3.5,16.25,3.0,13.25,27.0,1.0,26.0
AC28,POST,3,4,9,16,7,12,100.0,77.649573,4.5,0.0,4.5,22.25,3.0,19.25,23.833333,1.0,22.833333
AC29,PRE,2,1,9,16,3,4,97.222222,81.666666,5.0,0.0,5.0,22.75,3.0,19.75,26.5,1.0,25.5
AC29,POST,3,3,9,16,3,4,91.287879,85.714286,2.5,0.0,2.5,17.5,3.0,14.5,20.0,1.0,19.0
AC30,PRE,3,4,9,16,5,7,100.0,92.857143,10.5,0.0,10.5,20.625,3.0,17.625,30.75,1.0,29.75
AC30,POST,6,10,9,16,4,6,84.759615,82.222222,12.8,0.0,12.8,24.75,3.0,21.75,35.0,1.0,34.0
AC31,PRE,3,2,9,16,6,9,97.5,100.0,6.0,0.0,6.0,18.875,3.0,15.875,25.6,1.0,24.6
AC31,POST,3,4,9,16,5,8,100.0,87.857143,6.0,0.0,6.0,14.875,3.0,11.875,18.5,1.0,17.5
AC32,PRE,4,5,9,16,4,5,89.835165,100.0,8.0,0.0,8.0,22.875,3.0,19.875,28.0,1.0,27.0
AC32,POST,3,2,9,16,4,5,100.0,83.809524,5.0,0.0,5.0,24.625,3.0,21.625,23.0,1.0,22.0
AC33,PRE,3,3,9,16,5,7,82.136613,91.666667,5.0,0.0,5.0,21.25,3.0,18.25,21.25,1.0,20.25
AC33,POST,3,4,9,16,4,5,91.597222,100.0,5.5,0.0,5.5,13.125,3.0,10.125,15.0,1.0,14.0
AC34,PRE,0,0,8,14,4,5,100.0,100.0,,,,44.857143,3.0,41.857143,29.666667,1.0,28.666667
AC34,POST,2,1,9,16,2,1,88.862179,81.818182,5.0,0.0,5.0,23.125,3.0,20.125,22.0,1.0,21.0
